path,point1x,point1y,point2x,point2y,distance
1-2,-0.9358338684023914,-1.771533104509847,-9.326265459940457,13.902796953516965,17.778750379603252
2-1,-9.326265459940457,13.902796953516965,-0.9358338684023914,-1.771533104509847,17.778750379603252
1-3,-0.9358338684023914,-1.771533104509847,-8.233092060984413,14.873970414686985,18.174783754884118
3-1,-8.233092060984413,14.873970414686985,-0.9358338684023914,-1.771533104509847,18.174783754884118
1-4,-0.9358338684023914,-1.771533104509847,3.272330505879393,3.9612117897950467,7.111470412239175
4-1,3.272330505879393,3.9612117897950467,-0.9358338684023914,-1.771533104509847,7.111470412239175
1-5,-0.9358338684023914,-1.771533104509847,1.1758290447821034,-0.6998772345979173,2.368030101674284
5-1,1.1758290447821034,-0.6998772345979173,-0.9358338684023914,-1.771533104509847,2.368030101674284
1-6,-0.9358338684023914,-1.771533104509847,-7.685728005493133,16.16220404909953,19.16194142451858
6-1,-7.685728005493133,16.16220404909953,-0.9358338684023914,-1.771533104509847,19.16194142451858
1-7,-0.9358338684023914,-1.771533104509847,-0.6377515024534103,-0.1736356827902158,1.625462785556159
7-1,-0.6377515024534103,-0.1736356827902158,-0.9358338684023914,-1.771533104509847,1.625462785556159
1-8,-0.9358338684023914,-1.771533104509847,4.1946334819343845,3.705914676838751,7.5049403348909
8-1,4.1946334819343845,3.705914676838751,-0.9358338684023914,-1.771533104509847,7.5049403348909
1-9,-0.9358338684023914,-1.771533104509847,5.412912160308779,6.754886181981109,10.63044693256689
9-1,5.412912160308779,6.754886181981109,-0.9358338684023914,-1.771533104509847,10.63044693256689
1-10,-0.9358338684023914,-1.771533104509847,-0.8617548958596855,0.283627323807291,2.0564950961025086
10-1,-0.8617548958596855,0.283627323807291,-0.9358338684023914,-1.771533104509847,2.0564950961025086
1-11,-0.9358338684023914,-1.771533104509847,-7.800475926441368,13.394037239282596,16.64685659328855
11-1,-7.800475926441368,13.394037239282596,-0.9358338684023914,-1.771533104509847,16.64685659328855
1-12,-0.9358338684023914,-1.771533104509847,-7.205137332206782,14.168845015756721,17.128917669787047
12-1,-7.205137332206782,14.168845015756721,-0.9358338684023914,-1.771533104509847,17.128917669787047
1-13,-0.9358338684023914,-1.771533104509847,4.9881695055211805,6.069315969424348,9.827142523362149
13-1,4.9881695055211805,6.069315969424348,-0.9358338684023914,-1.771533104509847,9.827142523362149
1-14,-0.9358338684023914,-1.771533104509847,1.490732028150799,-2.7985891054607244,2.6349698441166645
14-1,1.490732028150799,-2.7985891054607244,-0.9358338684023914,-1.771533104509847,2.6349698441166645
1-15,-0.9358338684023914,-1.771533104509847,-7.954509919368903,14.596633961897892,17.80951168960693
15-1,-7.954509919368903,14.596633961897892,-0.9358338684023914,-1.771533104509847,17.80951168960693
1-16,-0.9358338684023914,-1.771533104509847,5.3385890509998015,5.0296832303033305,9.253373795781144
16-1,5.3385890509998015,5.0296832303033305,-0.9358338684023914,-1.771533104509847,9.253373795781144
1-17,-0.9358338684023914,-1.771533104509847,7.238143338497952,6.069392669705737,11.32669503322503
17-1,7.238143338497952,6.069392669705737,-0.9358338684023914,-1.771533104509847,11.32669503322503
1-18,-0.9358338684023914,-1.771533104509847,5.978736005937346,6.495644137033469,10.777638706610016
18-1,5.978736005937346,6.495644137033469,-0.9358338684023914,-1.771533104509847,10.777638706610016
1-19,-0.9358338684023914,-1.771533104509847,-7.192763465421433,16.0397270908927,18.87829859204436
19-1,-7.192763465421433,16.0397270908927,-0.9358338684023914,-1.771533104509847,18.87829859204436
1-20,-0.9358338684023914,-1.771533104509847,-0.1400687201886661,-0.8795363430090519,1.1953662173742063
20-1,-0.1400687201886661,-0.8795363430090519,-0.9358338684023914,-1.771533104509847,1.1953662173742063
1-21,-0.9358338684023914,-1.771533104509847,0.7373685758962422,-0.2556193705305969,2.2577867189958036
21-1,0.7373685758962422,-0.2556193705305969,-0.9358338684023914,-1.771533104509847,2.2577867189958036
1-22,-0.9358338684023914,-1.771533104509847,7.392365265937726,5.890706391293171,11.316749308536757
22-1,7.392365265937726,5.890706391293171,-0.9358338684023914,-1.771533104509847,11.316749308536757
1-23,-0.9358338684023914,-1.771533104509847,-1.2538806677490124,0.9274624317585825,2.7176700814064128
23-1,-1.2538806677490124,0.9274624317585825,-0.9358338684023914,-1.771533104509847,2.7176700814064128
1-24,-0.9358338684023914,-1.771533104509847,-8.772708714247191,15.468439119445645,18.937614676410327
24-1,-8.772708714247191,15.468439119445645,-0.9358338684023914,-1.771533104509847,18.937614676410327
1-25,-0.9358338684023914,-1.771533104509847,4.609100206244899,6.7437122251229304,10.161481039495053
25-1,4.609100206244899,6.7437122251229304,-0.9358338684023914,-1.771533104509847,10.161481039495053
1-26,-0.9358338684023914,-1.771533104509847,5.573805862405058,4.2019372647589375,8.835030145813823
26-1,5.573805862405058,4.2019372647589375,-0.9358338684023914,-1.771533104509847,8.835030145813823
1-27,-0.9358338684023914,-1.771533104509847,-9.198301144700787,14.162483277174946,17.948850758299294
27-1,-9.198301144700787,14.162483277174946,-0.9358338684023914,-1.771533104509847,17.948850758299294
1-28,-0.9358338684023914,-1.771533104509847,-6.5827009535231475,12.876899649957558,15.699162080798253
28-1,-6.5827009535231475,12.876899649957558,-0.9358338684023914,-1.771533104509847,15.699162080798253
1-29,-0.9358338684023914,-1.771533104509847,0.9071051958003012,0.0028459158968110196,2.5582895267001327
29-1,0.9071051958003012,0.0028459158968110196,-0.9358338684023914,-1.771533104509847,2.5582895267001327
1-30,-0.9358338684023914,-1.771533104509847,-1.428680700225969,0.688222711102285,2.5086443893218986
30-1,-1.428680700225969,0.688222711102285,-0.9358338684023914,-1.771533104509847,2.5086443893218986
2-3,-9.326265459940457,13.902796953516965,-8.233092060984413,14.873970414686985,1.462260569073127
3-2,-8.233092060984413,14.873970414686985,-9.326265459940457,13.902796953516965,1.462260569073127
2-4,-9.326265459940457,13.902796953516965,3.272330505879393,3.9612117897950467,16.04866772905178
4-2,3.272330505879393,3.9612117897950467,-9.326265459940457,13.902796953516965,16.04866772905178
2-5,-9.326265459940457,13.902796953516965,1.1758290447821034,-0.6998772345979173,17.98699759354964
5-2,1.1758290447821034,-0.6998772345979173,-9.326265459940457,13.902796953516965,17.98699759354964
2-6,-9.326265459940457,13.902796953516965,-7.685728005493133,16.16220404909953,2.7921825805296723
6-2,-7.685728005493133,16.16220404909953,-9.326265459940457,13.902796953516965,2.7921825805296723
2-7,-9.326265459940457,13.902796953516965,-0.6377515024534103,-0.1736356827902158,16.541953649854698
7-2,-0.6377515024534103,-0.1736356827902158,-9.326265459940457,13.902796953516965,16.541953649854698
2-8,-9.326265459940457,13.902796953516965,4.1946334819343845,3.705914676838751,16.93490821825812
8-2,4.1946334819343845,3.705914676838751,-9.326265459940457,13.902796953516965,16.93490821825812
2-9,-9.326265459940457,13.902796953516965,5.412912160308779,6.754886181981109,16.38096411445597
9-2,5.412912160308779,6.754886181981109,-9.326265459940457,13.902796953516965,16.38096411445597
2-10,-9.326265459940457,13.902796953516965,-0.8617548958596855,0.283627323807291,16.03526490246548
10-2,-0.8617548958596855,0.283627323807291,-9.326265459940457,13.902796953516965,16.03526490246548
2-11,-9.326265459940457,13.902796953516965,-7.800475926441368,13.394037239282596,1.6083750020947243
11-2,-7.800475926441368,13.394037239282596,-9.326265459940457,13.902796953516965,1.6083750020947243
2-12,-9.326265459940457,13.902796953516965,-7.205137332206782,14.168845015756721,2.1377479050824713
12-2,-7.205137332206782,14.168845015756721,-9.326265459940457,13.902796953516965,2.1377479050824713
2-13,-9.326265459940457,13.902796953516965,4.9881695055211805,6.069315969424348,16.3176736304098
13-2,4.9881695055211805,6.069315969424348,-9.326265459940457,13.902796953516965,16.3176736304098
2-14,-9.326265459940457,13.902796953516965,1.490732028150799,-2.7985891054607244,19.898334878787896
14-2,1.490732028150799,-2.7985891054607244,-9.326265459940457,13.902796953516965,19.898334878787896
2-15,-9.326265459940457,13.902796953516965,-7.954509919368903,14.596633961897892,1.5372452820834253
15-2,-7.954509919368903,14.596633961897892,-9.326265459940457,13.902796953516965,1.5372452820834253
2-16,-9.326265459940457,13.902796953516965,5.3385890509998015,5.0296832303033305,17.140306443355293
16-2,5.3385890509998015,5.0296832303033305,-9.326265459940457,13.902796953516965,17.140306443355293
2-17,-9.326265459940457,13.902796953516965,7.238143338497952,6.069392669705737,18.323260122462266
17-2,7.238143338497952,6.069392669705737,-9.326265459940457,13.902796953516965,18.323260122462266
2-18,-9.326265459940457,13.902796953516965,5.978736005937346,6.495644137033469,17.003205071905153
18-2,5.978736005937346,6.495644137033469,-9.326265459940457,13.902796953516965,17.003205071905153
2-19,-9.326265459940457,13.902796953516965,-7.192763465421433,16.0397270908927,3.019652492033037
19-2,-7.192763465421433,16.0397270908927,-9.326265459940457,13.902796953516965,3.019652492033037
2-20,-9.326265459940457,13.902796953516965,-0.1400687201886661,-0.8795363430090519,17.404125609492947
20-2,-0.1400687201886661,-0.8795363430090519,-9.326265459940457,13.902796953516965,17.404125609492947
2-21,-9.326265459940457,13.902796953516965,0.7373685758962422,-0.2556193705305969,17.370592471539574
21-2,0.7373685758962422,-0.2556193705305969,-9.326265459940457,13.902796953516965,17.370592471539574
2-22,-9.326265459940457,13.902796953516965,7.392365265937726,5.890706391293171,18.539315211882926
22-2,7.392365265937726,5.890706391293171,-9.326265459940457,13.902796953516965,18.539315211882926
2-23,-9.326265459940457,13.902796953516965,-1.2538806677490124,0.9274624317585825,15.281449610057892
23-2,-1.2538806677490124,0.9274624317585825,-9.326265459940457,13.902796953516965,15.281449610057892
2-24,-9.326265459940457,13.902796953516965,-8.772708714247191,15.468439119445645,1.6606205052438576
24-2,-8.772708714247191,15.468439119445645,-9.326265459940457,13.902796953516965,1.6606205052438576
2-25,-9.326265459940457,13.902796953516965,4.609100206244899,6.7437122251229304,15.666745367134244
25-2,4.609100206244899,6.7437122251229304,-9.326265459940457,13.902796953516965,15.666745367134244
2-26,-9.326265459940457,13.902796953516965,5.573805862405058,4.2019372647589375,17.779730147332206
26-2,5.573805862405058,4.2019372647589375,-9.326265459940457,13.902796953516965,17.779730147332206
2-27,-9.326265459940457,13.902796953516965,-9.198301144700787,14.162483277174946,0.28950276798289
27-2,-9.198301144700787,14.162483277174946,-9.326265459940457,13.902796953516965,0.28950276798289
2-28,-9.326265459940457,13.902796953516965,-6.5827009535231475,12.876899649957558,2.9290973828678544
28-2,-6.5827009535231475,12.876899649957558,-9.326265459940457,13.902796953516965,2.9290973828678544
2-29,-9.326265459940457,13.902796953516965,0.9071051958003012,0.0028459158968110196,17.26066377130421
29-2,0.9071051958003012,0.0028459158968110196,-9.326265459940457,13.902796953516965,17.26066377130421
2-30,-9.326265459940457,13.902796953516965,-1.428680700225969,0.688222711102285,15.394700953417837
30-2,-1.428680700225969,0.688222711102285,-9.326265459940457,13.902796953516965,15.394700953417837
3-4,-8.233092060984413,14.873970414686985,3.272330505879393,3.9612117897950467,15.857586488720544
4-3,3.272330505879393,3.9612117897950467,-8.233092060984413,14.873970414686985,15.857586488720544
3-5,-8.233092060984413,14.873970414686985,1.1758290447821034,-0.6998772345979173,18.195398511098222
5-3,1.1758290447821034,-0.6998772345979173,-8.233092060984413,14.873970414686985,18.195398511098222
3-6,-8.233092060984413,14.873970414686985,-7.685728005493133,16.16220404909953,1.3996975766484747
6-3,-7.685728005493133,16.16220404909953,-8.233092060984413,14.873970414686985,1.3996975766484747
3-7,-8.233092060984413,14.873970414686985,-0.6377515024534103,-0.1736356827902158,16.855849057964985
7-3,-0.6377515024534103,-0.1736356827902158,-8.233092060984413,14.873970414686985,16.855849057964985
3-8,-8.233092060984413,14.873970414686985,4.1946334819343845,3.705914676838751,16.708495777112947
8-3,4.1946334819343845,3.705914676838751,-8.233092060984413,14.873970414686985,16.708495777112947
3-9,-8.233092060984413,14.873970414686985,5.412912160308779,6.754886181981109,15.878695160035186
9-3,5.412912160308779,6.754886181981109,-8.233092060984413,14.873970414686985,15.878695160035186
3-10,-8.233092060984413,14.873970414686985,-0.8617548958596855,0.283627323807291,16.346703738415577
10-3,-0.8617548958596855,0.283627323807291,-8.233092060984413,14.873970414686985,16.346703738415577
3-11,-8.233092060984413,14.873970414686985,-7.800475926441368,13.394037239282596,1.5418686466523286
11-3,-7.800475926441368,13.394037239282596,-8.233092060984413,14.873970414686985,1.5418686466523286
3-12,-8.233092060984413,14.873970414686985,-7.205137332206782,14.168845015756721,1.2465523465273558
12-3,-7.205137332206782,14.168845015756721,-8.233092060984413,14.873970414686985,1.2465523465273558
3-13,-8.233092060984413,14.873970414686985,4.9881695055211805,6.069315969424348,15.884700101369274
13-3,4.9881695055211805,6.069315969424348,-8.233092060984413,14.873970414686985,15.884700101369274
3-14,-8.233092060984413,14.873970414686985,1.490732028150799,-2.7985891054607244,20.17107123852399
14-3,1.490732028150799,-2.7985891054607244,-8.233092060984413,14.873970414686985,20.17107123852399
3-15,-8.233092060984413,14.873970414686985,-7.954509919368903,14.596633961897892,0.3930947947667603
15-3,-7.954509919368903,14.596633961897892,-8.233092060984413,14.873970414686985,0.3930947947667603
3-16,-8.233092060984413,14.873970414686985,5.3385890509998015,5.0296832303033305,16.766052557892372
16-3,5.3385890509998015,5.0296832303033305,-8.233092060984413,14.873970414686985,16.766052557892372
3-17,-8.233092060984413,14.873970414686985,7.238143338497952,6.069392669705737,17.80111552834865
17-3,7.238143338497952,6.069392669705737,-8.233092060984413,14.873970414686985,17.80111552834865
3-18,-8.233092060984413,14.873970414686985,5.978736005937346,6.495644137033469,16.49764856634316
18-3,5.978736005937346,6.495644137033469,-8.233092060984413,14.873970414686985,16.49764856634316
3-19,-8.233092060984413,14.873970414686985,-7.192763465421433,16.0397270908927,1.5624571081678498
19-3,-7.192763465421433,16.0397270908927,-8.233092060984413,14.873970414686985,1.5624571081678498
3-20,-8.233092060984413,14.873970414686985,-0.1400687201886661,-0.8795363430090519,17.710731265519204
20-3,-0.1400687201886661,-0.8795363430090519,-8.233092060984413,14.873970414686985,17.710731265519204
3-21,-8.233092060984413,14.873970414686985,0.7373685758962422,-0.2556193705305969,17.58902075462945
21-3,0.7373685758962422,-0.2556193705305969,-8.233092060984413,14.873970414686985,17.58902075462945
3-22,-8.233092060984413,14.873970414686985,7.392365265937726,5.890706391293171,18.023705201469156
22-3,7.392365265937726,5.890706391293171,-8.233092060984413,14.873970414686985,18.023705201469156
3-23,-8.233092060984413,14.873970414686985,-1.2538806677490124,0.9274624317585825,15.595335090640164
23-3,-1.2538806677490124,0.9274624317585825,-8.233092060984413,14.873970414686985,15.595335090640164
3-24,-8.233092060984413,14.873970414686985,-8.772708714247191,15.468439119445645,0.802856882274767
24-3,-8.772708714247191,15.468439119445645,-8.233092060984413,14.873970414686985,0.802856882274767
3-25,-8.233092060984413,14.873970414686985,4.609100206244899,6.7437122251229304,15.199440794235088
25-3,4.609100206244899,6.7437122251229304,-8.233092060984413,14.873970414686985,15.199440794235088
3-26,-8.233092060984413,14.873970414686985,5.573805862405058,4.2019372647589375,17.450579412158774
26-3,5.573805862405058,4.2019372647589375,-8.233092060984413,14.873970414686985,17.450579412158774
3-27,-8.233092060984413,14.873970414686985,-9.198301144700787,14.162483277174946,1.199100713924263
27-3,-9.198301144700787,14.162483277174946,-8.233092060984413,14.873970414686985,1.199100713924263
3-28,-8.233092060984413,14.873970414686985,-6.5827009535231475,12.876899649957558,2.5907686980748013
28-3,-6.5827009535231475,12.876899649957558,-8.233092060984413,14.873970414686985,2.5907686980748013
3-29,-8.233092060984413,14.873970414686985,0.9071051958003012,0.0028459158968110196,17.45547334653094
29-3,0.9071051958003012,0.0028459158968110196,-8.233092060984413,14.873970414686985,17.45547334653094
3-30,-8.233092060984413,14.873970414686985,-1.428680700225969,0.688222711102285,15.733259416795276
30-3,-1.428680700225969,0.688222711102285,-8.233092060984413,14.873970414686985,15.733259416795276
4-5,3.272330505879393,3.9612117897950467,1.1758290447821034,-0.6998772345979173,5.1108775439937535
5-4,1.1758290447821034,-0.6998772345979173,3.272330505879393,3.9612117897950467,5.1108775439937535
4-6,3.272330505879393,3.9612117897950467,-7.685728005493133,16.16220404909953,16.399489578955553
6-4,-7.685728005493133,16.16220404909953,3.272330505879393,3.9612117897950467,16.399489578955553
4-7,3.272330505879393,3.9612117897950467,-0.6377515024534103,-0.1736356827902158,5.690843956166135
7-4,-0.6377515024534103,-0.1736356827902158,3.272330505879393,3.9612117897950467,5.690843956166135
4-8,3.272330505879393,3.9612117897950467,4.1946334819343845,3.705914676838751,0.9569845325415213
8-4,4.1946334819343845,3.705914676838751,3.272330505879393,3.9612117897950467,0.9569845325415213
4-9,3.272330505879393,3.9612117897950467,5.412912160308779,6.754886181981109,3.51947530589942
9-4,5.412912160308779,6.754886181981109,3.272330505879393,3.9612117897950467,3.51947530589942
4-10,3.272330505879393,3.9612117897950467,-0.8617548958596855,0.283627323807291,5.533108494629994
10-4,-0.8617548958596855,0.283627323807291,3.272330505879393,3.9612117897950467,5.533108494629994
4-11,3.272330505879393,3.9612117897950467,-7.800475926441368,13.394037239282596,14.545969828380093
11-4,-7.800475926441368,13.394037239282596,3.272330505879393,3.9612117897950467,14.545969828380093
4-12,3.272330505879393,3.9612117897950467,-7.205137332206782,14.168845015756721,14.627819672592596
12-4,-7.205137332206782,14.168845015756721,3.272330505879393,3.9612117897950467,14.627819672592596
4-13,3.272330505879393,3.9612117897950467,4.9881695055211805,6.069315969424348,2.7181255866611944
13-4,4.9881695055211805,6.069315969424348,3.272330505879393,3.9612117897950467,2.7181255866611944
4-14,3.272330505879393,3.9612117897950467,1.490732028150799,-2.7985891054607244,6.99063668626439
14-4,1.490732028150799,-2.7985891054607244,3.272330505879393,3.9612117897950467,6.99063668626439
4-15,3.272330505879393,3.9612117897950467,-7.954509919368903,14.596633961897892,15.464609620447783
15-4,-7.954509919368903,14.596633961897892,3.272330505879393,3.9612117897950467,15.464609620447783
4-16,3.272330505879393,3.9612117897950467,5.3385890509998015,5.0296832303033305,2.326167576608563
16-4,5.3385890509998015,5.0296832303033305,3.272330505879393,3.9612117897950467,2.326167576608563
4-17,3.272330505879393,3.9612117897950467,7.238143338497952,6.069392669705737,4.491335886546792
17-4,7.238143338497952,6.069392669705737,3.272330505879393,3.9612117897950467,4.491335886546792
4-18,3.272330505879393,3.9612117897950467,5.978736005937346,6.495644137033469,3.7078265943099877
18-4,5.978736005937346,6.495644137033469,3.272330505879393,3.9612117897950467,3.7078265943099877
4-19,3.272330505879393,3.9612117897950467,-7.192763465421433,16.0397270908927,15.981511934326083
19-4,-7.192763465421433,16.0397270908927,3.272330505879393,3.9612117897950467,15.981511934326083
4-20,3.272330505879393,3.9612117897950467,-0.1400687201886661,-0.8795363430090519,5.922610147841596
20-4,-0.1400687201886661,-0.8795363430090519,3.272330505879393,3.9612117897950467,5.922610147841596
4-21,3.272330505879393,3.9612117897950467,0.7373685758962422,-0.2556193705305969,4.920131809327592
21-4,0.7373685758962422,-0.2556193705305969,3.272330505879393,3.9612117897950467,4.920131809327592
4-22,3.272330505879393,3.9612117897950467,7.392365265937726,5.890706391293171,4.549465445664945
22-4,7.392365265937726,5.890706391293171,3.272330505879393,3.9612117897950467,4.549465445664945
4-23,3.272330505879393,3.9612117897950467,-1.2538806677490124,0.9274624317585825,5.448873530892902
23-4,-1.2538806677490124,0.9274624317585825,3.272330505879393,3.9612117897950467,5.448873530892902
4-24,3.272330505879393,3.9612117897950467,-8.772708714247191,15.468439119445645,16.658308756612875
24-4,-8.772708714247191,15.468439119445645,3.272330505879393,3.9612117897950467,16.658308756612875
4-25,3.272330505879393,3.9612117897950467,4.609100206244899,6.7437122251229304,3.0869502594656666
25-4,4.609100206244899,6.7437122251229304,3.272330505879393,3.9612117897950467,3.0869502594656666
4-26,3.272330505879393,3.9612117897950467,5.573805862405058,4.2019372647589375,2.3140305898996947
26-4,5.573805862405058,4.2019372647589375,3.272330505879393,3.9612117897950467,2.3140305898996947
4-27,3.272330505879393,3.9612117897950467,-9.198301144700787,14.162483277174946,16.11156707845895
27-4,-9.198301144700787,14.162483277174946,3.272330505879393,3.9612117897950467,16.11156707845895
4-28,3.272330505879393,3.9612117897950467,-6.5827009535231475,12.876899649957558,13.289512221509971
28-4,-6.5827009535231475,12.876899649957558,3.272330505879393,3.9612117897950467,13.289512221509971
4-29,3.272330505879393,3.9612117897950467,0.9071051958003012,0.0028459158968110196,4.611176765108976
29-4,0.9071051958003012,0.0028459158968110196,3.272330505879393,3.9612117897950467,4.611176765108976
4-30,3.272330505879393,3.9612117897950467,-1.428680700225969,0.688222711102285,5.7281728211682195
30-4,-1.428680700225969,0.688222711102285,3.272330505879393,3.9612117897950467,5.7281728211682195
5-6,1.1758290447821034,-0.6998772345979173,-7.685728005493133,16.16220404909953,19.048805174427674
6-5,-7.685728005493133,16.16220404909953,1.1758290447821034,-0.6998772345979173,19.048805174427674
5-7,1.1758290447821034,-0.6998772345979173,-0.6377515024534103,-0.1736356827902158,1.888386764452675
7-5,-0.6377515024534103,-0.1736356827902158,1.1758290447821034,-0.6998772345979173,1.888386764452675
5-8,1.1758290447821034,-0.6998772345979173,4.1946334819343845,3.705914676838751,5.34080355346001
8-5,4.1946334819343845,3.705914676838751,1.1758290447821034,-0.6998772345979173,5.34080355346001
5-9,1.1758290447821034,-0.6998772345979173,5.412912160308779,6.754886181981109,8.57475194539447
9-5,5.412912160308779,6.754886181981109,1.1758290447821034,-0.6998772345979173,8.57475194539447
5-10,1.1758290447821034,-0.6998772345979173,-0.8617548958596855,0.283627323807291,2.262527244380749
10-5,-0.8617548958596855,0.283627323807291,1.1758290447821034,-0.6998772345979173,2.262527244380749
5-11,1.1758290447821034,-0.6998772345979173,-7.800475926441368,13.394037239282596,16.709652184694622
11-5,-7.800475926441368,13.394037239282596,1.1758290447821034,-0.6998772345979173,16.709652184694622
5-12,1.1758290447821034,-0.6998772345979173,-7.205137332206782,14.168845015756721,17.068084215002262
12-5,-7.205137332206782,14.168845015756721,1.1758290447821034,-0.6998772345979173,17.068084215002262
5-13,1.1758290447821034,-0.6998772345979173,4.9881695055211805,6.069315969424348,7.768907028789149
13-5,4.9881695055211805,6.069315969424348,1.1758290447821034,-0.6998772345979173,7.768907028789149
5-14,1.1758290447821034,-0.6998772345979173,1.490732028150799,-2.7985891054607244,2.1222053166069883
14-5,1.490732028150799,-2.7985891054607244,1.1758290447821034,-0.6998772345979173,2.1222053166069883
5-15,1.1758290447821034,-0.6998772345979173,-7.954509919368903,14.596633961897892,17.814217478879495
15-5,-7.954509919368903,14.596633961897892,1.1758290447821034,-0.6998772345979173,17.814217478879495
5-16,1.1758290447821034,-0.6998772345979173,5.3385890509998015,5.0296832303033305,7.08212072689565
16-5,5.3385890509998015,5.0296832303033305,1.1758290447821034,-0.6998772345979173,7.08212072689565
5-17,1.1758290447821034,-0.6998772345979173,7.238143338497952,6.069392669705737,9.087060560660014
17-5,7.238143338497952,6.069392669705737,1.1758290447821034,-0.6998772345979173,9.087060560660014
5-18,1.1758290447821034,-0.6998772345979173,5.978736005937346,6.495644137033469,8.65121049837059
18-5,5.978736005937346,6.495644137033469,1.1758290447821034,-0.6998772345979173,8.65121049837059
5-19,1.1758290447821034,-0.6998772345979173,-7.192763465421433,16.0397270908927,18.714905652335492
19-5,-7.192763465421433,16.0397270908927,1.1758290447821034,-0.6998772345979173,18.714905652335492
5-20,1.1758290447821034,-0.6998772345979173,-0.1400687201886661,-0.8795363430090519,1.328105539138419
20-5,-0.1400687201886661,-0.8795363430090519,1.1758290447821034,-0.6998772345979173,1.328105539138419
5-21,1.1758290447821034,-0.6998772345979173,0.7373685758962422,-0.2556193705305969,0.6241895806253633
21-5,0.7373685758962422,-0.2556193705305969,1.1758290447821034,-0.6998772345979173,0.6241895806253633
5-22,1.1758290447821034,-0.6998772345979173,7.392365265937726,5.890706391293171,9.059862864238264
22-5,7.392365265937726,5.890706391293171,1.1758290447821034,-0.6998772345979173,9.059862864238264
5-23,1.1758290447821034,-0.6998772345979173,-1.2538806677490124,0.9274624317585825,2.9243330311141587
23-5,-1.2538806677490124,0.9274624317585825,1.1758290447821034,-0.6998772345979173,2.9243330311141587
5-24,1.1758290447821034,-0.6998772345979173,-8.772708714247191,15.468439119445645,18.983884145960857
24-5,-8.772708714247191,15.468439119445645,1.1758290447821034,-0.6998772345979173,18.983884145960857
5-25,1.1758290447821034,-0.6998772345979173,4.609100206244899,6.7437122251229304,8.197217510411651
25-5,4.609100206244899,6.7437122251229304,1.1758290447821034,-0.6998772345979173,8.197217510411651
5-26,1.1758290447821034,-0.6998772345979173,5.573805862405058,4.2019372647589375,6.585589227582754
26-5,5.573805862405058,4.2019372647589375,1.1758290447821034,-0.6998772345979173,6.585589227582754
5-27,1.1758290447821034,-0.6998772345979173,-9.198301144700787,14.162483277174946,18.124909301021223
27-5,-9.198301144700787,14.162483277174946,1.1758290447821034,-0.6998772345979173,18.124909301021223
5-28,1.1758290447821034,-0.6998772345979173,-6.5827009535231475,12.876899649957558,15.637252262069648
28-5,-6.5827009535231475,12.876899649957558,1.1758290447821034,-0.6998772345979173,15.637252262069648
5-29,1.1758290447821034,-0.6998772345979173,0.9071051958003012,0.0028459158968110196,0.7523512033969448
29-5,0.9071051958003012,0.0028459158968110196,1.1758290447821034,-0.6998772345979173,0.7523512033969448
5-30,1.1758290447821034,-0.6998772345979173,-1.428680700225969,0.688222711102285,2.9513204622837756
30-5,-1.428680700225969,0.688222711102285,1.1758290447821034,-0.6998772345979173,2.9513204622837756
6-7,-7.685728005493133,16.16220404909953,-0.6377515024534103,-0.1736356827902158,17.79139209093509
7-6,-0.6377515024534103,-0.1736356827902158,-7.685728005493133,16.16220404909953,17.79139209093509
6-8,-7.685728005493133,16.16220404909953,4.1946334819343845,3.705914676838751,17.213428885537237
8-6,4.1946334819343845,3.705914676838751,-7.685728005493133,16.16220404909953,17.213428885537237
6-9,-7.685728005493133,16.16220404909953,5.412912160308779,6.754886181981109,16.126748080321853
9-6,5.412912160308779,6.754886181981109,-7.685728005493133,16.16220404909953,16.126748080321853
6-10,-7.685728005493133,16.16220404909953,-0.8617548958596855,0.283627323807291,17.28281828354371
10-6,-0.8617548958596855,0.283627323807291,-7.685728005493133,16.16220404909953,17.28281828354371
6-11,-7.685728005493133,16.16220404909953,-7.800475926441368,13.394037239282596,2.7705440931943306
11-6,-7.800475926441368,13.394037239282596,-7.685728005493133,16.16220404909953,2.7705440931943306
6-12,-7.685728005493133,16.16220404909953,-7.205137332206782,14.168845015756721,2.0504749769405137
12-6,-7.205137332206782,14.168845015756721,-7.685728005493133,16.16220404909953,2.0504749769405137
6-13,-7.685728005493133,16.16220404909953,4.9881695055211805,6.069315969424348,16.20166867666859
13-6,4.9881695055211805,6.069315969424348,-7.685728005493133,16.16220404909953,16.20166867666859
6-14,-7.685728005493133,16.16220404909953,1.490732028150799,-2.7985891054607244,21.0646408893929
14-6,1.490732028150799,-2.7985891054607244,-7.685728005493133,16.16220404909953,21.0646408893929
6-15,-7.685728005493133,16.16220404909953,-7.954509919368903,14.596633961897892,1.5884751855686206
15-6,-7.954509919368903,14.596633961897892,-7.685728005493133,16.16220404909953,1.5884751855686206
6-16,-7.685728005493133,16.16220404909953,5.3385890509998015,5.0296832303033305,17.133763584483813
16-6,5.3385890509998015,5.0296832303033305,-7.685728005493133,16.16220404909953,17.133763584483813
6-17,-7.685728005493133,16.16220404909953,7.238143338497952,6.069392669705737,18.01629200007646
17-6,7.238143338497952,6.069392669705737,-7.685728005493133,16.16220404909953,18.01629200007646
6-18,-7.685728005493133,16.16220404909953,5.978736005937346,6.495644137033469,16.737979485387157
18-6,5.978736005937346,6.495644137033469,-7.685728005493133,16.16220404909953,16.737979485387157
6-19,-7.685728005493133,16.16220404909953,-7.192763465421433,16.0397270908927,0.5079514180113093
19-6,-7.192763465421433,16.0397270908927,-7.685728005493133,16.16220404909953,0.5079514180113093
6-20,-7.685728005493133,16.16220404909953,-0.1400687201886661,-0.8795363430090519,18.637539795850916
20-6,-0.1400687201886661,-0.8795363430090519,-7.685728005493133,16.16220404909953,18.637539795850916
6-21,-7.685728005493133,16.16220404909953,0.7373685758962422,-0.2556193705305969,18.45246546826653
21-6,0.7373685758962422,-0.2556193705305969,-7.685728005493133,16.16220404909953,18.45246546826653
6-22,-7.685728005493133,16.16220404909953,7.392365265937726,5.890706391293171,18.244247335428504
22-6,7.392365265937726,5.890706391293171,-7.685728005493133,16.16220404909953,18.244247335428504
6-23,-7.685728005493133,16.16220404909953,-1.2538806677490124,0.9274624317585825,16.536807803297055
23-6,-1.2538806677490124,0.9274624317585825,-7.685728005493133,16.16220404909953,16.536807803297055
6-24,-7.685728005493133,16.16220404909953,-8.772708714247191,15.468439119445645,1.289510309699435
24-6,-8.772708714247191,15.468439119445645,-7.685728005493133,16.16220404909953,1.289510309699435
6-25,-7.685728005493133,16.16220404909953,4.609100206244899,6.7437122251229304,15.487762556110662
25-6,4.609100206244899,6.7437122251229304,-7.685728005493133,16.16220404909953,15.487762556110662
6-26,-7.685728005493133,16.16220404909953,5.573805862405058,4.2019372647589375,17.856741582565952
26-6,5.573805862405058,4.2019372647589375,-7.685728005493133,16.16220404909953,17.856741582565952
6-27,-7.685728005493133,16.16220404909953,-9.198301144700787,14.162483277174946,2.507341354327158
27-6,-9.198301144700787,14.162483277174946,-7.685728005493133,16.16220404909953,2.507341354327158
6-28,-7.685728005493133,16.16220404909953,-6.5827009535231475,12.876899649957558,3.4655293495221167
28-6,-6.5827009535231475,12.876899649957558,-7.685728005493133,16.16220404909953,3.4655293495221167
6-29,-7.685728005493133,16.16220404909953,0.9071051958003012,0.0028459158968110196,18.30195720960891
29-6,0.9071051958003012,0.0028459158968110196,-7.685728005493133,16.16220404909953,18.30195720960891
6-30,-7.685728005493133,16.16220404909953,-1.428680700225969,0.688222711102285,16.691157522144415
30-6,-1.428680700225969,0.688222711102285,-7.685728005493133,16.16220404909953,16.691157522144415
7-8,-0.6377515024534103,-0.1736356827902158,4.1946334819343845,3.705914676838751,6.197003762322068
8-7,4.1946334819343845,3.705914676838751,-0.6377515024534103,-0.1736356827902158,6.197003762322068
7-9,-0.6377515024534103,-0.1736356827902158,5.412912160308779,6.754886181981109,9.198638268270205
9-7,5.412912160308779,6.754886181981109,-0.6377515024534103,-0.1736356827902158,9.198638268270205
7-10,-0.6377515024534103,-0.1736356827902158,-0.8617548958596855,0.283627323807291,0.5091826562836935
10-7,-0.8617548958596855,0.283627323807291,-0.6377515024534103,-0.1736356827902158,0.5091826562836935
7-11,-0.6377515024534103,-0.1736356827902158,-7.800475926441368,13.394037239282596,15.34230653110351
11-7,-7.800475926441368,13.394037239282596,-0.6377515024534103,-0.1736356827902158,15.34230653110351
7-12,-0.6377515024534103,-0.1736356827902158,-7.205137332206782,14.168845015756721,15.774577941264763
12-7,-7.205137332206782,14.168845015756721,-0.6377515024534103,-0.1736356827902158,15.774577941264763
7-13,-0.6377515024534103,-0.1736356827902158,4.9881695055211805,6.069315969424348,8.403893890325984
13-7,4.9881695055211805,6.069315969424348,-0.6377515024534103,-0.1736356827902158,8.403893890325984
7-14,-0.6377515024534103,-0.1736356827902158,1.490732028150799,-2.7985891054607244,3.3794707590454123
14-7,1.490732028150799,-2.7985891054607244,-0.6377515024534103,-0.1736356827902158,3.3794707590454123
7-15,-0.6377515024534103,-0.1736356827902158,-7.954509919368903,14.596633961897892,16.48319808496818
15-7,-7.954509919368903,14.596633961897892,-0.6377515024534103,-0.1736356827902158,16.48319808496818
7-16,-0.6377515024534103,-0.1736356827902158,5.3385890509998015,5.0296832303033305,7.924088220243793
16-7,5.3385890509998015,5.0296832303033305,-0.6377515024534103,-0.1736356827902158,7.924088220243793
7-17,-0.6377515024534103,-0.1736356827902158,7.238143338497952,6.069392669705737,10.050130474565622
17-7,7.238143338497952,6.069392669705737,-0.6377515024534103,-0.1736356827902158,10.050130474565622
7-18,-0.6377515024534103,-0.1736356827902158,5.978736005937346,6.495644137033469,9.39453033758465
18-7,5.978736005937346,6.495644137033469,-0.6377515024534103,-0.1736356827902158,9.39453033758465
7-19,-0.6377515024534103,-0.1736356827902158,-7.192763465421433,16.0397270908927,17.488319366528646
19-7,-7.192763465421433,16.0397270908927,-0.6377515024534103,-0.1736356827902158,17.488319366528646
7-20,-0.6377515024534103,-0.1736356827902158,-0.1400687201886661,-0.8795363430090519,0.8637035914364172
20-7,-0.1400687201886661,-0.8795363430090519,-0.6377515024534103,-0.1736356827902158,0.8637035914364172
7-21,-0.6377515024534103,-0.1736356827902158,0.7373685758962422,-0.2556193705305969,1.3775618152866558
21-7,0.7373685758962422,-0.2556193705305969,-0.6377515024534103,-0.1736356827902158,1.3775618152866558
7-22,-0.6377515024534103,-0.1736356827902158,7.392365265937726,5.890706391293171,10.062754101412521
22-7,7.392365265937726,5.890706391293171,-0.6377515024534103,-0.1736356827902158,10.062754101412521
7-23,-0.6377515024534103,-0.1736356827902158,-1.2538806677490124,0.9274624317585825,1.2617575861435406
23-7,-1.2538806677490124,0.9274624317585825,-0.6377515024534103,-0.1736356827902158,1.2617575861435406
7-24,-0.6377515024534103,-0.1736356827902158,-8.772708714247191,15.468439119445645,17.630996368794865
24-7,-8.772708714247191,15.468439119445645,-0.6377515024534103,-0.1736356827902158,17.630996368794865
7-25,-0.6377515024534103,-0.1736356827902158,4.609100206244899,6.7437122251229304,8.68211696144326
25-7,4.609100206244899,6.7437122251229304,-0.6377515024534103,-0.1736356827902158,8.68211696144326
7-26,-0.6377515024534103,-0.1736356827902158,5.573805862405058,4.2019372647589375,7.597965748557403
26-7,5.573805862405058,4.2019372647589375,-0.6377515024534103,-0.1736356827902158,7.597965748557403
7-27,-0.6377515024534103,-0.1736356827902158,-9.198301144700787,14.162483277174946,16.697524277917797
27-7,-9.198301144700787,14.162483277174946,-0.6377515024534103,-0.1736356827902158,16.697524277917797
7-28,-0.6377515024534103,-0.1736356827902158,-6.5827009535231475,12.876899649957558,14.340812265944786
28-7,-6.5827009535231475,12.876899649957558,-0.6377515024534103,-0.1736356827902158,14.340812265944786
7-29,-0.6377515024534103,-0.1736356827902158,0.9071051958003012,0.0028459158968110196,1.5549044899332203
29-7,0.9071051958003012,0.0028459158968110196,-0.6377515024534103,-0.1736356827902158,1.5549044899332203
7-30,-0.6377515024534103,-0.1736356827902158,-1.428680700225969,0.688222711102285,1.1697730066179952
30-7,-1.428680700225969,0.688222711102285,-0.6377515024534103,-0.1736356827902158,1.1697730066179952
8-9,4.1946334819343845,3.705914676838751,5.412912160308779,6.754886181981109,3.283356541308257
9-8,5.412912160308779,6.754886181981109,4.1946334819343845,3.705914676838751,3.283356541308257
8-10,4.1946334819343845,3.705914676838751,-0.8617548958596855,0.283627323807291,6.10566246641673
10-8,-0.8617548958596855,0.283627323807291,4.1946334819343845,3.705914676838751,6.10566246641673
8-11,4.1946334819343845,3.705914676838751,-7.800475926441368,13.394037239282596,15.418896474905004
11-8,-7.800475926441368,13.394037239282596,4.1946334819343845,3.705914676838751,15.418896474905004
8-12,4.1946334819343845,3.705914676838751,-7.205137332206782,14.168845015756721,15.473451001376354
12-8,-7.205137332206782,14.168845015756721,4.1946334819343845,3.705914676838751,15.473451001376354
8-13,4.1946334819343845,3.705914676838751,4.9881695055211805,6.069315969424348,2.493063394806722
13-8,4.9881695055211805,6.069315969424348,4.1946334819343845,3.705914676838751,2.493063394806722
8-14,4.1946334819343845,3.705914676838751,1.490732028150799,-2.7985891054607244,7.044121842055343
14-8,1.490732028150799,-2.7985891054607244,4.1946334819343845,3.705914676838751,7.044121842055343
8-15,4.1946334819343845,3.705914676838751,-7.954509919368903,14.596633961897892,16.315926327713985
15-8,-7.954509919368903,14.596633961897892,4.1946334819343845,3.705914676838751,16.315926327713985
8-16,4.1946334819343845,3.705914676838751,5.3385890509998015,5.0296832303033305,1.7495706693750575
16-8,5.3385890509998015,5.0296832303033305,4.1946334819343845,3.705914676838751,1.7495706693750575
8-17,4.1946334819343845,3.705914676838751,7.238143338497952,6.069392669705737,3.853437487460533
17-8,7.238143338497952,6.069392669705737,4.1946334819343845,3.705914676838751,3.853437487460533
8-18,4.1946334819343845,3.705914676838751,5.978736005937346,6.495644137033469,3.311436588133925
18-8,5.978736005937346,6.495644137033469,4.1946334819343845,3.705914676838751,3.311436588133925
8-19,4.1946334819343845,3.705914676838751,-7.192763465421433,16.0397270908927,16.786772706560363
19-8,-7.192763465421433,16.0397270908927,4.1946334819343845,3.705914676838751,16.786772706560363
8-20,4.1946334819343845,3.705914676838751,-0.1400687201886661,-0.8795363430090519,6.309992411763558
20-8,-0.1400687201886661,-0.8795363430090519,4.1946334819343845,3.705914676838751,6.309992411763558
8-21,4.1946334819343845,3.705914676838751,0.7373685758962422,-0.2556193705305969,5.2579875084474565
21-8,0.7373685758962422,-0.2556193705305969,4.1946334819343845,3.705914676838751,5.2579875084474565
8-22,4.1946334819343845,3.705914676838751,7.392365265937726,5.890706391293171,3.8728288624691225
22-8,7.392365265937726,5.890706391293171,4.1946334819343845,3.705914676838751,3.8728288624691225
8-23,4.1946334819343845,3.705914676838751,-1.2538806677490124,0.9274624317585825,6.116052919775238
23-8,-1.2538806677490124,0.9274624317585825,4.1946334819343845,3.705914676838751,6.116052919775238
8-24,4.1946334819343845,3.705914676838751,-8.772708714247191,15.468439119445645,17.507396862349236
24-8,-8.772708714247191,15.468439119445645,4.1946334819343845,3.705914676838751,17.507396862349236
8-25,4.1946334819343845,3.705914676838751,4.609100206244899,6.7437122251229304,3.0659413904903756
25-8,4.609100206244899,6.7437122251229304,4.1946334819343845,3.705914676838751,3.0659413904903756
8-26,4.1946334819343845,3.705914676838751,5.573805862405058,4.2019372647589375,1.4656585082413236
26-8,5.573805862405058,4.2019372647589375,4.1946334819343845,3.705914676838751,1.4656585082413236
8-27,4.1946334819343845,3.705914676838751,-9.198301144700787,14.162483277174946,16.991483890668885
27-8,-9.198301144700787,14.162483277174946,4.1946334819343845,3.705914676838751,16.991483890668885
8-28,4.1946334819343845,3.705914676838751,-6.5827009535231475,12.876899649957558,14.151250930955527
28-8,-6.5827009535231475,12.876899649957558,4.1946334819343845,3.705914676838751,14.151250930955527
8-29,4.1946334819343845,3.705914676838751,0.9071051958003012,0.0028459158968110196,4.9518239549075025
29-8,0.9071051958003012,0.0028459158968110196,4.1946334819343845,3.705914676838751,4.9518239549075025
8-30,4.1946334819343845,3.705914676838751,-1.428680700225969,0.688222711102285,6.381859226852013
30-8,-1.428680700225969,0.688222711102285,4.1946334819343845,3.705914676838751,6.381859226852013
9-10,5.412912160308779,6.754886181981109,-0.8617548958596855,0.283627323807291,9.013802631257184
10-9,-0.8617548958596855,0.283627323807291,5.412912160308779,6.754886181981109,9.013802631257184
9-11,5.412912160308779,6.754886181981109,-7.800475926441368,13.394037239282596,14.78756070123596
11-9,-7.800475926441368,13.394037239282596,5.412912160308779,6.754886181981109,14.78756070123596
9-12,5.412912160308779,6.754886181981109,-7.205137332206782,14.168845015756721,14.634956733263396
12-9,-7.205137332206782,14.168845015756721,5.412912160308779,6.754886181981109,14.634956733263396
9-13,5.412912160308779,6.754886181981109,4.9881695055211805,6.069315969424348,0.8064817661554038
13-9,4.9881695055211805,6.069315969424348,5.412912160308779,6.754886181981109,0.8064817661554038
9-14,5.412912160308779,6.754886181981109,1.490732028150799,-2.7985891054607244,10.327264258110985
14-9,1.490732028150799,-2.7985891054607244,5.412912160308779,6.754886181981109,10.327264258110985
9-15,5.412912160308779,6.754886181981109,-7.954509919368903,14.596633961897892,15.497773430402322
15-9,-7.954509919368903,14.596633961897892,5.412912160308779,6.754886181981109,15.497773430402322
9-16,5.412912160308779,6.754886181981109,5.3385890509998015,5.0296832303033305,1.7268031587459742
16-9,5.3385890509998015,5.0296832303033305,5.412912160308779,6.754886181981109,1.7268031587459742
9-17,5.412912160308779,6.754886181981109,7.238143338497952,6.069392669705737,1.949710288531469
17-9,7.238143338497952,6.069392669705737,5.412912160308779,6.754886181981109,1.949710288531469
9-18,5.412912160308779,6.754886181981109,5.978736005937346,6.495644137033469,0.6223849790527842
18-9,5.978736005937346,6.495644137033469,5.412912160308779,6.754886181981109,0.6223849790527842
9-19,5.412912160308779,6.754886181981109,-7.192763465421433,16.0397270908927,15.656031702986775
19-9,-7.192763465421433,16.0397270908927,5.412912160308779,6.754886181981109,15.656031702986775
9-20,5.412912160308779,6.754886181981109,-0.1400687201886661,-0.8795363430090519,9.44033918613348
20-9,-0.1400687201886661,-0.8795363430090519,5.412912160308779,6.754886181981109,9.44033918613348
9-21,5.412912160308779,6.754886181981109,0.7373685758962422,-0.2556193705305969,8.426618296300047
21-9,0.7373685758962422,-0.2556193705305969,5.412912160308779,6.754886181981109,8.426618296300047
9-22,5.412912160308779,6.754886181981109,7.392365265937726,5.890706391293171,2.1598706692803464
22-9,7.392365265937726,5.890706391293171,5.412912160308779,6.754886181981109,2.1598706692803464
9-23,5.412912160308779,6.754886181981109,-1.2538806677490124,0.9274624317585825,8.854659461374016
23-9,-1.2538806677490124,0.9274624317585825,5.412912160308779,6.754886181981109,8.854659461374016
9-24,5.412912160308779,6.754886181981109,-8.772708714247191,15.468439119445645,16.648058276887273
24-9,-8.772708714247191,15.468439119445645,5.412912160308779,6.754886181981109,16.648058276887273
9-25,5.412912160308779,6.754886181981109,4.609100206244899,6.7437122251229304,0.8038896160592333
25-9,4.609100206244899,6.7437122251229304,5.412912160308779,6.754886181981109,0.8038896160592333
9-26,5.412912160308779,6.754886181981109,5.573805862405058,4.2019372647589375,2.5580138696496753
26-9,5.573805862405058,4.2019372647589375,5.412912160308779,6.754886181981109,2.5580138696496753
9-27,5.412912160308779,6.754886181981109,-9.198301144700787,14.162483277174946,16.381698598411973
27-9,-9.198301144700787,14.162483277174946,5.412912160308779,6.754886181981109,16.381698598411973
9-28,5.412912160308779,6.754886181981109,-6.5827009535231475,12.876899649957558,13.46750841391315
28-9,-6.5827009535231475,12.876899649957558,5.412912160308779,6.754886181981109,13.46750841391315
9-29,5.412912160308779,6.754886181981109,0.9071051958003012,0.0028459158968110196,8.117409941369035
29-9,0.9071051958003012,0.0028459158968110196,5.412912160308779,6.754886181981109,8.117409941369035
9-30,5.412912160308779,6.754886181981109,-1.428680700225969,0.688222711102285,9.143948738822607
30-9,-1.428680700225969,0.688222711102285,5.412912160308779,6.754886181981109,9.143948738822607
10-11,-0.8617548958596855,0.283627323807291,-7.800475926441368,13.394037239282596,14.833364341646494
11-10,-7.800475926441368,13.394037239282596,-0.8617548958596855,0.283627323807291,14.833364341646494
10-12,-0.8617548958596855,0.283627323807291,-7.205137332206782,14.168845015756721,15.265574705414213
12-10,-7.205137332206782,14.168845015756721,-0.8617548958596855,0.283627323807291,15.265574705414213
10-13,-0.8617548958596855,0.283627323807291,4.9881695055211805,6.069315969424348,8.227746265283916
13-10,4.9881695055211805,6.069315969424348,-0.8617548958596855,0.283627323807291,8.227746265283916
10-14,-0.8617548958596855,0.283627323807291,1.490732028150799,-2.7985891054607244,3.877402847846737
14-10,1.490732028150799,-2.7985891054607244,-0.8617548958596855,0.283627323807291,3.877402847846737
10-15,-0.8617548958596855,0.283627323807291,-7.954509919368903,14.596633961897892,15.974020559819648
15-10,-7.954509919368903,14.596633961897892,-0.8617548958596855,0.283627323807291,15.974020559819648
10-16,-0.8617548958596855,0.283627323807291,5.3385890509998015,5.0296832303033305,7.808284813385269
16-10,5.3385890509998015,5.0296832303033305,-0.8617548958596855,0.283627323807291,7.808284813385269
10-17,-0.8617548958596855,0.283627323807291,7.238143338497952,6.069392669705737,9.954066106107058
17-10,7.238143338497952,6.069392669705737,-0.8617548958596855,0.283627323807291,9.954066106107058
10-18,-0.8617548958596855,0.283627323807291,5.978736005937346,6.495644137033469,9.240209340992914
18-10,5.978736005937346,6.495644137033469,-0.8617548958596855,0.283627323807291,9.240209340992914
10-19,-0.8617548958596855,0.283627323807291,-7.192763465421433,16.0397270908927,16.98046964539595
19-10,-7.192763465421433,16.0397270908927,-0.8617548958596855,0.283627323807291,16.98046964539595
10-20,-0.8617548958596855,0.283627323807291,-0.1400687201886661,-0.8795363430090519,1.3688610783992297
20-10,-0.1400687201886661,-0.8795363430090519,-0.8617548958596855,0.283627323807291,1.3688610783992297
10-21,-0.8617548958596855,0.283627323807291,0.7373685758962422,-0.2556193705305969,1.687596775084342
21-10,0.7373685758962422,-0.2556193705305969,-0.8617548958596855,0.283627323807291,1.687596775084342
10-22,-0.8617548958596855,0.283627323807291,7.392365265937726,5.890706391293171,9.978468585631207
22-10,7.392365265937726,5.890706391293171,-0.8617548958596855,0.283627323807291,9.978468585631207
10-23,-0.8617548958596855,0.283627323807291,-1.2538806677490124,0.9274624317585825,0.7538476419081321
23-10,-1.2538806677490124,0.9274624317585825,-0.8617548958596855,0.283627323807291,0.7538476419081321
10-24,-0.8617548958596855,0.283627323807291,-8.772708714247191,15.468439119445645,17.121965412464117
24-10,-8.772708714247191,15.468439119445645,-0.8617548958596855,0.283627323807291,17.121965412464117
10-25,-0.8617548958596855,0.283627323807291,4.609100206244899,6.7437122251229304,8.465397361047506
25-10,4.609100206244899,6.7437122251229304,-0.8617548958596855,0.283627323807291,8.465397361047506
10-26,-0.8617548958596855,0.283627323807291,5.573805862405058,4.2019372647589375,7.534560044666017
26-10,5.573805862405058,4.2019372647589375,-0.8617548958596855,0.283627323807291,7.534560044666017
10-27,-0.8617548958596855,0.283627323807291,-9.198301144700787,14.162483277174946,16.190140392640068
27-10,-9.198301144700787,14.162483277174946,-0.8617548958596855,0.283627323807291,16.190140392640068
10-28,-0.8617548958596855,0.283627323807291,-6.5827009535231475,12.876899649957558,13.831837610212075
28-10,-6.5827009535231475,12.876899649957558,-0.8617548958596855,0.283627323807291,13.831837610212075
10-29,-0.8617548958596855,0.283627323807291,0.9071051958003012,0.0028459158968110196,1.7910064832086925
29-10,0.9071051958003012,0.0028459158968110196,-0.8617548958596855,0.283627323807291,1.7910064832086925
10-30,-0.8617548958596855,0.283627323807291,-1.428680700225969,0.688222711102285,0.6964928535719112
30-10,-1.428680700225969,0.688222711102285,-0.8617548958596855,0.283627323807291,0.6964928535719112
11-12,-7.800475926441368,13.394037239282596,-7.205137332206782,14.168845015756721,0.9771157210228432
12-11,-7.205137332206782,14.168845015756721,-7.800475926441368,13.394037239282596,0.9771157210228432
11-13,-7.800475926441368,13.394037239282596,4.9881695055211805,6.069315969424348,14.737740453189232
13-11,4.9881695055211805,6.069315969424348,-7.800475926441368,13.394037239282596,14.737740453189232
11-14,-7.800475926441368,13.394037239282596,1.490732028150799,-2.7985891054607244,18.668896410767086
14-11,1.490732028150799,-2.7985891054607244,-7.800475926441368,13.394037239282596,18.668896410767086
11-15,-7.800475926441368,13.394037239282596,-7.954509919368903,14.596633961897892,1.2124212750617045
15-11,-7.954509919368903,14.596633961897892,-7.800475926441368,13.394037239282596,1.2124212750617045
11-16,-7.800475926441368,13.394037239282596,5.3385890509998015,5.0296832303033305,15.575540005693178
16-11,5.3385890509998015,5.0296832303033305,-7.800475926441368,13.394037239282596,15.575540005693178
11-17,-7.800475926441368,13.394037239282596,7.238143338497952,6.069392669705737,16.72753680212469
17-11,7.238143338497952,6.069392669705737,-7.800475926441368,13.394037239282596,16.72753680212469
11-18,-7.800475926441368,13.394037239282596,5.978736005937346,6.495644137033469,15.409559009607195
18-11,5.978736005937346,6.495644137033469,-7.800475926441368,13.394037239282596,15.409559009607195
11-19,-7.800475926441368,13.394037239282596,-7.192763465421433,16.0397270908927,2.7145882240574903
19-11,-7.192763465421433,16.0397270908927,-7.800475926441368,13.394037239282596,2.7145882240574903
11-20,-7.800475926441368,13.394037239282596,-0.1400687201886661,-0.8795363430090519,16.199282125288835
20-11,-0.1400687201886661,-0.8795363430090519,-7.800475926441368,13.394037239282596,16.199282125288835
11-21,-7.800475926441368,13.394037239282596,0.7373685758962422,-0.2556193705305969,16.099935226947764
21-11,0.7373685758962422,-0.2556193705305969,-7.800475926441368,13.394037239282596,16.099935226947764
11-22,-7.800475926441368,13.394037239282596,7.392365265937726,5.890706391293171,16.944686403449335
22-11,7.392365265937726,5.890706391293171,-7.800475926441368,13.394037239282596,16.944686403449335
11-23,-7.800475926441368,13.394037239282596,-1.2538806677490124,0.9274624317585825,14.080958664548575
23-11,-1.2538806677490124,0.9274624317585825,-7.800475926441368,13.394037239282596,14.080958664548575
11-24,-7.800475926441368,13.394037239282596,-8.772708714247191,15.468439119445645,2.2909342535543598
24-11,-8.772708714247191,15.468439119445645,-7.800475926441368,13.394037239282596,2.2909342535543598
11-25,-7.800475926441368,13.394037239282596,4.609100206244899,6.7437122251229304,14.079218820193626
25-11,4.609100206244899,6.7437122251229304,-7.800475926441368,13.394037239282596,14.079218820193626
11-26,-7.800475926441368,13.394037239282596,5.573805862405058,4.2019372647589375,16.228558633135197
26-11,5.573805862405058,4.2019372647589375,-7.800475926441368,13.394037239282596,16.228558633135197
11-27,-7.800475926441368,13.394037239282596,-9.198301144700787,14.162483277174946,1.5951252784513335
27-11,-9.198301144700787,14.162483277174946,-7.800475926441368,13.394037239282596,1.5951252784513335
11-28,-7.800475926441368,13.394037239282596,-6.5827009535231475,12.876899649957558,1.323029542738515
28-11,-6.5827009535231475,12.876899649957558,-7.800475926441368,13.394037239282596,1.323029542738515
11-29,-7.800475926441368,13.394037239282596,0.9071051958003012,0.0028459158968110196,15.97328939385818
29-11,0.9071051958003012,0.0028459158968110196,-7.800475926441368,13.394037239282596,15.97328939385818
11-30,-7.800475926441368,13.394037239282596,-1.428680700225969,0.688222711102285,14.213989490264133
30-11,-1.428680700225969,0.688222711102285,-7.800475926441368,13.394037239282596,14.213989490264133
12-13,-7.205137332206782,14.168845015756721,4.9881695055211805,6.069315969424348,14.638275253982805
13-12,4.9881695055211805,6.069315969424348,-7.205137332206782,14.168845015756721,14.638275253982805
12-14,-7.205137332206782,14.168845015756721,1.490732028150799,-2.7985891054607244,19.065989735396894
14-12,1.490732028150799,-2.7985891054607244,-7.205137332206782,14.168845015756721,19.065989735396894
12-15,-7.205137332206782,14.168845015756721,-7.954509919368903,14.596633961897892,0.8628804417940086
15-12,-7.954509919368903,14.596633961897892,-7.205137332206782,14.168845015756721,0.8628804417940086
12-16,-7.205137332206782,14.168845015756721,5.3385890509998015,5.0296832303033305,15.51996616354058
16-12,5.3385890509998015,5.0296832303033305,-7.205137332206782,14.168845015756721,15.51996616354058
12-17,-7.205137332206782,14.168845015756721,7.238143338497952,6.069392669705737,16.559271869218883
17-12,7.238143338497952,6.069392669705737,-7.205137332206782,14.168845015756721,16.559271869218883
12-18,-7.205137332206782,14.168845015756721,5.978736005937346,6.495644137033469,15.254262614805963
18-12,5.978736005937346,6.495644137033469,-7.205137332206782,14.168845015756721,15.254262614805963
12-19,-7.205137332206782,14.168845015756721,-7.192763465421433,16.0397270908927,1.870922994578967
19-12,-7.192763465421433,16.0397270908927,-7.205137332206782,14.168845015756721,1.870922994578967
12-20,-7.205137332206782,14.168845015756721,-0.1400687201886661,-0.8795363430090519,16.62434888984747
20-12,-0.1400687201886661,-0.8795363430090519,-7.205137332206782,14.168845015756721,16.62434888984747
12-21,-7.205137332206782,14.168845015756721,0.7373685758962422,-0.2556193705305969,16.46658959625589
21-12,0.7373685758962422,-0.2556193705305969,-7.205137332206782,14.168845015756721,16.46658959625589
12-22,-7.205137332206782,14.168845015756721,7.392365265937726,5.890706391293171,16.78137840550266
22-12,7.392365265937726,5.890706391293171,-7.205137332206782,14.168845015756721,16.78137840550266
12-23,-7.205137332206782,14.168845015756721,-1.2538806677490124,0.9274624317585825,14.517288611240813
23-12,-1.2538806677490124,0.9274624317585825,-7.205137332206782,14.168845015756721,14.517288611240813
12-24,-7.205137332206782,14.168845015756721,-8.772708714247191,15.468439119445645,2.036228099240135
24-12,-8.772708714247191,15.468439119445645,-7.205137332206782,14.168845015756721,2.036228099240135
12-25,-7.205137332206782,14.168845015756721,4.609100206244899,6.7437122251229304,13.95380971539694
25-12,4.609100206244899,6.7437122251229304,-7.205137332206782,14.168845015756721,13.95380971539694
12-26,-7.205137332206782,14.168845015756721,5.573805862405058,4.2019372647589375,16.20619138749188
26-12,5.573805862405058,4.2019372647589375,-7.205137332206782,14.168845015756721,16.20619138749188
12-27,-7.205137332206782,14.168845015756721,-9.198301144700787,14.162483277174946,1.9931739651002423
27-12,-9.198301144700787,14.162483277174946,-7.205137332206782,14.168845015756721,1.9931739651002423
12-28,-7.205137332206782,14.168845015756721,-6.5827009535231475,12.876899649957558,1.4340675973324029
28-12,-6.5827009535231475,12.876899649957558,-7.205137332206782,14.168845015756721,1.4340675973324029
12-29,-7.205137332206782,14.168845015756721,0.9071051958003012,0.0028459158968110196,16.32433794462852
29-12,0.9071051958003012,0.0028459158968110196,-7.205137332206782,14.168845015756721,16.32433794462852
12-30,-7.205137332206782,14.168845015756721,-1.428680700225969,0.688222711102285,14.666104763770843
30-12,-1.428680700225969,0.688222711102285,-7.205137332206782,14.168845015756721,14.666104763770843
13-14,4.9881695055211805,6.069315969424348,1.490732028150799,-2.7985891054607244,9.532670629224915
14-13,1.490732028150799,-2.7985891054607244,4.9881695055211805,6.069315969424348,9.532670629224915
13-15,4.9881695055211805,6.069315969424348,-7.954509919368903,14.596633961897892,15.499293623911901
15-13,-7.954509919368903,14.596633961897892,4.9881695055211805,6.069315969424348,15.499293623911901
13-16,4.9881695055211805,6.069315969424348,5.3385890509998015,5.0296832303033305,1.09710076570282
16-13,5.3385890509998015,5.0296832303033305,4.9881695055211805,6.069315969424348,1.09710076570282
13-17,4.9881695055211805,6.069315969424348,7.238143338497952,6.069392669705737,2.2499738342841056
17-13,7.238143338497952,6.069392669705737,4.9881695055211805,6.069315969424348,2.2499738342841056
13-18,4.9881695055211805,6.069315969424348,5.978736005937346,6.495644137033469,1.0784144371454234
18-13,5.978736005937346,6.495644137033469,4.9881695055211805,6.069315969424348,1.0784144371454234
13-19,4.9881695055211805,6.069315969424348,-7.192763465421433,16.0397270908927,15.741163425036177
19-13,-7.192763465421433,16.0397270908927,4.9881695055211805,6.069315969424348,15.741163425036177
13-20,4.9881695055211805,6.069315969424348,-0.1400687201886661,-0.8795363430090519,8.636282519674927
20-13,-0.1400687201886661,-0.8795363430090519,4.9881695055211805,6.069315969424348,8.636282519674927
13-21,4.9881695055211805,6.069315969424348,0.7373685758962422,-0.2556193705305969,7.620637479759237
21-13,0.7373685758962422,-0.2556193705305969,4.9881695055211805,6.069315969424348,7.620637479759237
13-22,4.9881695055211805,6.069315969424348,7.392365265937726,5.890706391293171,2.4108211538405513
22-13,7.392365265937726,5.890706391293171,4.9881695055211805,6.069315969424348,2.4108211538405513
13-23,4.9881695055211805,6.069315969424348,-1.2538806677490124,0.9274624317585825,8.08714091434225
23-13,-1.2538806677490124,0.9274624317585825,4.9881695055211805,6.069315969424348,8.08714091434225
13-24,4.9881695055211805,6.069315969424348,-8.772708714247191,15.468439119445645,16.664491752482636
24-13,-8.772708714247191,15.468439119445645,4.9881695055211805,6.069315969424348,16.664491752482636
13-25,4.9881695055211805,6.069315969424348,4.609100206244899,6.7437122251229304,0.7736303014709793
25-13,4.609100206244899,6.7437122251229304,4.9881695055211805,6.069315969424348,0.7736303014709793
13-26,4.9881695055211805,6.069315969424348,5.573805862405058,4.2019372647589375,1.9570572728313518
26-13,5.573805862405058,4.2019372647589375,4.9881695055211805,6.069315969424348,1.9570572728313518
13-27,4.9881695055211805,6.069315969424348,-9.198301144700787,14.162483277174946,16.332645425063642
27-13,-9.198301144700787,14.162483277174946,4.9881695055211805,6.069315969424348,16.332645425063642
13-28,4.9881695055211805,6.069315969424348,-6.5827009535231475,12.876899649957558,13.42491112624016
28-13,-6.5827009535231475,12.876899649957558,4.9881695055211805,6.069315969424348,13.42491112624016
13-29,4.9881695055211805,6.069315969424348,0.9071051958003012,0.0028459158968110196,7.3114393118197984
29-13,0.9071051958003012,0.0028459158968110196,4.9881695055211805,6.069315969424348,7.3114393118197984
13-30,4.9881695055211805,6.069315969424348,-1.428680700225969,0.688222711102285,8.374492893170093
30-13,-1.428680700225969,0.688222711102285,4.9881695055211805,6.069315969424348,8.374492893170093
14-15,1.490732028150799,-2.7985891054607244,-7.954509919368903,14.596633961897892,19.794099651420144
15-14,-7.954509919368903,14.596633961897892,1.490732028150799,-2.7985891054607244,19.794099651420144
14-16,1.490732028150799,-2.7985891054607244,5.3385890509998015,5.0296832303033305,8.722835056974148
16-14,5.3385890509998015,5.0296832303033305,1.490732028150799,-2.7985891054607244,8.722835056974148
14-17,1.490732028150799,-2.7985891054607244,7.238143338497952,6.069392669705737,10.567584280950442
17-14,7.238143338497952,6.069392669705737,1.490732028150799,-2.7985891054607244,10.567584280950442
14-18,1.490732028150799,-2.7985891054607244,5.978736005937346,6.495644137033469,10.321092542483669
18-14,5.978736005937346,6.495644137033469,1.490732028150799,-2.7985891054607244,10.321092542483669
14-19,1.490732028150799,-2.7985891054607244,-7.192763465421433,16.0397270908927,20.743318227821725
19-14,-7.192763465421433,16.0397270908927,1.490732028150799,-2.7985891054607244,20.743318227821725
14-20,1.490732028150799,-2.7985891054607244,-0.1400687201886661,-0.8795363430090519,2.5183872986214717
20-14,-0.1400687201886661,-0.8795363430090519,1.490732028150799,-2.7985891054607244,2.5183872986214717
14-21,1.490732028150799,-2.7985891054607244,0.7373685758962422,-0.2556193705305969,2.6522163493884707
21-14,0.7373685758962422,-0.2556193705305969,1.490732028150799,-2.7985891054607244,2.6522163493884707
14-22,1.490732028150799,-2.7985891054607244,7.392365265937726,5.890706391293171,10.503957878021929
22-14,7.392365265937726,5.890706391293171,1.490732028150799,-2.7985891054607244,10.503957878021929
14-23,1.490732028150799,-2.7985891054607244,-1.2538806677490124,0.9274624317585825,4.627781207934186
23-14,-1.2538806677490124,0.9274624317585825,1.490732028150799,-2.7985891054607244,4.627781207934186
14-24,1.490732028150799,-2.7985891054607244,-8.772708714247191,15.468439119445645,20.952864626161286
24-14,-8.772708714247191,15.468439119445645,1.490732028150799,-2.7985891054607244,20.952864626161286
14-25,1.490732028150799,-2.7985891054607244,4.609100206244899,6.7437122251229304,10.03891103545641
25-14,4.609100206244899,6.7437122251229304,1.490732028150799,-2.7985891054607244,10.03891103545641
14-26,1.490732028150799,-2.7985891054607244,5.573805862405058,4.2019372647589375,8.104249588710397
26-14,5.573805862405058,4.2019372647589375,1.490732028150799,-2.7985891054607244,8.104249588710397
14-27,1.490732028150799,-2.7985891054607244,-9.198301144700787,14.162483277174946,20.04827689701357
27-14,-9.198301144700787,14.162483277174946,1.490732028150799,-2.7985891054607244,20.04827689701357
14-28,1.490732028150799,-2.7985891054607244,-6.5827009535231475,12.876899649957558,17.632392572502056
28-14,-6.5827009535231475,12.876899649957558,1.490732028150799,-2.7985891054607244,17.632392572502056
14-29,1.490732028150799,-2.7985891054607244,0.9071051958003012,0.0028459158968110196,2.8615832083530215
29-14,0.9071051958003012,0.0028459158968110196,1.490732028150799,-2.7985891054607244,2.8615832083530215
14-30,1.490732028150799,-2.7985891054607244,-1.428680700225969,0.688222711102285,4.5476177634814166
30-14,-1.428680700225969,0.688222711102285,1.490732028150799,-2.7985891054607244,4.5476177634814166
15-16,-7.954509919368903,14.596633961897892,5.3385890509998015,5.0296832303033305,16.37782117794596
16-15,5.3385890509998015,5.0296832303033305,-7.954509919368903,14.596633961897892,16.37782117794596
15-17,-7.954509919368903,14.596633961897892,7.238143338497952,6.069392669705737,17.422128373681538
17-15,7.238143338497952,6.069392669705737,-7.954509919368903,14.596633961897892,17.422128373681538
15-18,-7.954509919368903,14.596633961897892,5.978736005937346,6.495644137033469,16.117114448859017
18-15,5.978736005937346,6.495644137033469,-7.954509919368903,14.596633961897892,16.117114448859017
15-19,-7.954509919368903,14.596633961897892,-7.192763465421433,16.0397270908927,1.6318012866319147
19-15,-7.192763465421433,16.0397270908927,-7.954509919368903,14.596633961897892,1.6318012866319147
15-20,-7.954509919368903,14.596633961897892,-0.1400687201886661,-0.8795363430090519,17.33716639367371
20-15,-0.1400687201886661,-0.8795363430090519,-7.954509919368903,14.596633961897892,17.33716639367371
15-21,-7.954509919368903,14.596633961897892,0.7373685758962422,-0.2556193705305969,17.20866586424078
21-15,0.7373685758962422,-0.2556193705305969,-7.954509919368903,14.596633961897892,17.20866586424078
15-22,-7.954509919368903,14.596633961897892,7.392365265937726,5.890706391293171,17.64425551894995
22-15,7.392365265937726,5.890706391293171,-7.954509919368903,14.596633961897892,17.64425551894995
15-23,-7.954509919368903,14.596633961897892,-1.2538806677490124,0.9274624317585825,15.223162703197886
23-15,-1.2538806677490124,0.9274624317585825,-7.954509919368903,14.596633961897892,15.223162703197886
15-24,-7.954509919368903,14.596633961897892,-8.772708714247191,15.468439119445645,1.1956142775440353
24-15,-8.772708714247191,15.468439119445645,-7.954509919368903,14.596633961897892,1.1956142775440353
15-25,-7.954509919368903,14.596633961897892,4.609100206244899,6.7437122251229304,14.81596028586532
25-15,4.609100206244899,6.7437122251229304,-7.954509919368903,14.596633961897892,14.81596028586532
15-26,-7.954509919368903,14.596633961897892,5.573805862405058,4.2019372647589375,17.060628573323605
26-15,5.573805862405058,4.2019372647589375,-7.954509919368903,14.596633961897892,17.060628573323605
15-27,-7.954509919368903,14.596633961897892,-9.198301144700787,14.162483277174946,1.3173850725046163
27-15,-9.198301144700787,14.162483277174946,-7.954509919368903,14.596633961897892,1.3173850725046163
15-28,-7.954509919368903,14.596633961897892,-6.5827009535231475,12.876899649957558,2.199851345532169
28-15,-6.5827009535231475,12.876899649957558,-7.954509919368903,14.596633961897892,2.199851345532169
15-29,-7.954509919368903,14.596633961897892,0.9071051958003012,0.0028459158968110196,17.07357232628835
29-15,0.9071051958003012,0.0028459158968110196,-7.954509919368903,14.596633961897892,17.07357232628835
15-30,-7.954509919368903,14.596633961897892,-1.428680700225969,0.688222711102285,15.363279289223296
30-15,-1.428680700225969,0.688222711102285,-7.954509919368903,14.596633961897892,15.363279289223296
16-17,5.3385890509998015,5.0296832303033305,7.238143338497952,6.069392669705737,2.1654796719283866
17-16,7.238143338497952,6.069392669705737,5.3385890509998015,5.0296832303033305,2.1654796719283866
16-18,5.3385890509998015,5.0296832303033305,5.978736005937346,6.495644137033469,1.5996341781722663
18-16,5.978736005937346,6.495644137033469,5.3385890509998015,5.0296832303033305,1.5996341781722663
16-19,5.3385890509998015,5.0296832303033305,-7.192763465421433,16.0397270908927,16.681003018491378
19-16,-7.192763465421433,16.0397270908927,5.3385890509998015,5.0296832303033305,16.681003018491378
16-20,5.3385890509998015,5.0296832303033305,-0.1400687201886661,-0.8795363430090519,8.058198740377527
20-16,-0.1400687201886661,-0.8795363430090519,5.3385890509998015,5.0296832303033305,8.058198740377527
16-21,5.3385890509998015,5.0296832303033305,0.7373685758962422,-0.2556193705305969,7.007542610851118
21-16,0.7373685758962422,-0.2556193705305969,5.3385890509998015,5.0296832303033305,7.007542610851118
16-22,5.3385890509998015,5.0296832303033305,7.392365265937726,5.890706391293171,2.226961522973777
22-16,7.392365265937726,5.890706391293171,5.3385890509998015,5.0296832303033305,2.226961522973777
16-23,5.3385890509998015,5.0296832303033305,-1.2538806677490124,0.9274624317585825,7.764590940457403
23-16,-1.2538806677490124,0.9274624317585825,5.3385890509998015,5.0296832303033305,7.764590940457403
16-24,5.3385890509998015,5.0296832303033305,-8.772708714247191,15.468439119445645,17.552673560815972
24-16,-8.772708714247191,15.468439119445645,5.3385890509998015,5.0296832303033305,17.552673560815972
16-25,5.3385890509998015,5.0296832303033305,4.609100206244899,6.7437122251229304,1.8628068524954835
25-16,4.609100206244899,6.7437122251229304,5.3385890509998015,5.0296832303033305,1.8628068524954835
16-26,5.3385890509998015,5.0296832303033305,5.573805862405058,4.2019372647589375,0.8605174791035191
26-16,5.573805862405058,4.2019372647589375,5.3385890509998015,5.0296832303033305,0.8605174791035191
16-27,5.3385890509998015,5.0296832303033305,-9.198301144700787,14.162483277174946,17.167679320688457
27-16,-9.198301144700787,14.162483277174946,5.3385890509998015,5.0296832303033305,17.167679320688457
16-28,5.3385890509998015,5.0296832303033305,-6.5827009535231475,12.876899649957558,14.272209391290112
28-16,-6.5827009535231475,12.876899649957558,5.3385890509998015,5.0296832303033305,14.272209391290112
16-29,5.3385890509998015,5.0296832303033305,0.9071051958003012,0.0028459158968110196,6.701279172247906
29-16,0.9071051958003012,0.0028459158968110196,5.3385890509998015,5.0296832303033305,6.701279172247906
16-30,5.3385890509998015,5.0296832303033305,-1.428680700225969,0.688222711102285,8.04016289173526
30-16,-1.428680700225969,0.688222711102285,5.3385890509998015,5.0296832303033305,8.04016289173526
17-18,7.238143338497952,6.069392669705737,5.978736005937346,6.495644137033469,1.3295853273507745
18-17,5.978736005937346,6.495644137033469,7.238143338497952,6.069392669705737,1.3295853273507745
17-19,7.238143338497952,6.069392669705737,-7.192763465421433,16.0397270908927,17.540200673131206
19-17,-7.192763465421433,16.0397270908927,7.238143338497952,6.069392669705737,17.540200673131206
17-20,7.238143338497952,6.069392669705737,-0.1400687201886661,-0.8795363430090519,10.135365193553609
20-17,-0.1400687201886661,-0.8795363430090519,7.238143338497952,6.069392669705737,10.135365193553609
17-21,7.238143338497952,6.069392669705737,0.7373685758962422,-0.2556193705305969,9.070052360555252
21-17,0.7373685758962422,-0.2556193705305969,7.238143338497952,6.069392669705737,9.070052360555252
17-22,7.238143338497952,6.069392669705737,7.392365265937726,5.890706391293171,0.2360364145554066
22-17,7.392365265937726,5.890706391293171,7.238143338497952,6.069392669705737,0.2360364145554066
17-23,7.238143338497952,6.069392669705737,-1.2538806677490124,0.9274624317585825,9.927432613449966
23-17,-1.2538806677490124,0.9274624317585825,7.238143338497952,6.069392669705737,9.927432613449966
17-24,7.238143338497952,6.069392669705737,-8.772708714247191,15.468439119445645,18.565814219130324
24-17,-8.772708714247191,15.468439119445645,7.238143338497952,6.069392669705737,18.565814219130324
17-25,7.238143338497952,6.069392669705737,4.609100206244899,6.7437122251229304,2.7141434475843362
25-17,4.609100206244899,6.7437122251229304,7.238143338497952,6.069392669705737,2.7141434475843362
17-26,7.238143338497952,6.069392669705737,5.573805862405058,4.2019372647589375,2.501481345881332
26-17,5.573805862405058,4.2019372647589375,7.238143338497952,6.069392669705737,2.501481345881332
17-27,7.238143338497952,6.069392669705737,-9.198301144700787,14.162483277174946,18.320884881194484
27-17,-9.198301144700787,14.162483277174946,7.238143338497952,6.069392669705737,18.320884881194484
17-28,7.238143338497952,6.069392669705737,-6.5827009535231475,12.876899649957558,15.406423602850516
28-17,-6.5827009535231475,12.876899649957558,7.238143338497952,6.069392669705737,15.406423602850516
17-29,7.238143338497952,6.069392669705737,0.9071051958003012,0.0028459158968110196,8.76841111493081
29-17,0.9071051958003012,0.0028459158968110196,7.238143338497952,6.069392669705737,8.76841111493081
17-30,7.238143338497952,6.069392669705737,-1.428680700225969,0.688222711102285,10.201511115593567
30-17,-1.428680700225969,0.688222711102285,7.238143338497952,6.069392669705737,10.201511115593567
18-19,5.978736005937346,6.495644137033469,-7.192763465421433,16.0397270908927,16.265851276651674
19-18,-7.192763465421433,16.0397270908927,5.978736005937346,6.495644137033469,16.265851276651674
18-20,5.978736005937346,6.495644137033469,-0.1400687201886661,-0.8795363430090519,9.582956662203072
20-18,-0.1400687201886661,-0.8795363430090519,5.978736005937346,6.495644137033469,9.582956662203072
18-21,5.978736005937346,6.495644137033469,0.7373685758962422,-0.2556193705305969,8.547016525388374
21-18,0.7373685758962422,-0.2556193705305969,5.978736005937346,6.495644137033469,8.547016525388374
18-22,5.978736005937346,6.495644137033469,7.392365265937726,5.890706391293171,1.5376271852925127
22-18,7.392365265937726,5.890706391293171,5.978736005937346,6.495644137033469,1.5376271852925127
18-23,5.978736005937346,6.495644137033469,-1.2538806677490124,0.9274624317585825,9.127726521508183
23-18,-1.2538806677490124,0.9274624317585825,5.978736005937346,6.495644137033469,9.127726521508183
18-24,5.978736005937346,6.495644137033469,-8.772708714247191,15.468439119445645,17.266040980174388
24-18,-8.772708714247191,15.468439119445645,5.978736005937346,6.495644137033469,17.266040980174388
18-25,5.978736005937346,6.495644137033469,4.609100206244899,6.7437122251229304,1.3919195379502112
25-18,4.609100206244899,6.7437122251229304,5.978736005937346,6.495644137033469,1.3919195379502112
18-26,5.978736005937346,6.495644137033469,5.573805862405058,4.2019372647589375,2.329175741986958
26-18,5.573805862405058,4.2019372647589375,5.978736005937346,6.495644137033469,2.329175741986958
18-27,5.978736005937346,6.495644137033469,-9.198301144700787,14.162483277174946,17.003613706287712
27-18,-9.198301144700787,14.162483277174946,5.978736005937346,6.495644137033469,17.003613706287712
18-28,5.978736005937346,6.495644137033469,-6.5827009535231475,12.876899649957558,14.089361958858328
28-18,-6.5827009535231475,12.876899649957558,5.978736005937346,6.495644137033469,14.089361958858328
18-29,5.978736005937346,6.495644137033469,0.9071051958003012,0.0028459158968110196,8.238802571656072
29-18,0.9071051958003012,0.0028459158968110196,5.978736005937346,6.495644137033469,8.238802571656072
18-30,5.978736005937346,6.495644137033469,-1.428680700225969,0.688222711102285,9.41254300798206
30-18,-1.428680700225969,0.688222711102285,5.978736005937346,6.495644137033469,9.41254300798206
19-20,-7.192763465421433,16.0397270908927,-0.1400687201886661,-0.8795363430090519,18.33035674271504
20-19,-0.1400687201886661,-0.8795363430090519,-7.192763465421433,16.0397270908927,18.33035674271504
19-21,-7.192763465421433,16.0397270908927,0.7373685758962422,-0.2556193705305969,18.122508393998718
21-19,0.7373685758962422,-0.2556193705305969,-7.192763465421433,16.0397270908927,18.122508393998718
19-22,-7.192763465421433,16.0397270908927,7.392365265937726,5.890706391293171,17.768753509214374
22-19,7.392365265937726,5.890706391293171,-7.192763465421433,16.0397270908927,17.768753509214374
19-23,-7.192763465421433,16.0397270908927,-1.2538806677490124,0.9274624317585825,16.23732958377711
23-19,-1.2538806677490124,0.9274624317585825,-7.192763465421433,16.0397270908927,16.23732958377711
19-24,-7.192763465421433,16.0397270908927,-8.772708714247191,15.468439119445645,1.6800586107654631
24-19,-8.772708714247191,15.468439119445645,-7.192763465421433,16.0397270908927,1.6800586107654631
19-25,-7.192763465421433,16.0397270908927,4.609100206244899,6.7437122251229304,15.023311169952185
25-19,4.609100206244899,6.7437122251229304,-7.192763465421433,16.0397270908927,15.023311169952185
19-26,-7.192763465421433,16.0397270908927,5.573805862405058,4.2019372647589375,17.410300410099655
26-19,5.573805862405058,4.2019372647589375,-7.192763465421433,16.0397270908927,17.410300410099655
19-27,-7.192763465421433,16.0397270908927,-9.198301144700787,14.162483277174946,2.7470394462313052
27-19,-9.198301144700787,14.162483277174946,-7.192763465421433,16.0397270908927,2.7470394462313052
19-28,-7.192763465421433,16.0397270908927,-6.5827009535231475,12.876899649957558,3.221126152381491
28-19,-6.5827009535231475,12.876899649957558,-7.192763465421433,16.0397270908927,3.221126152381491
19-29,-7.192763465421433,16.0397270908927,0.9071051958003012,0.0028459158968110196,17.966341590596
29-19,0.9071051958003012,0.0028459158968110196,-7.192763465421433,16.0397270908927,17.966341590596
19-30,-7.192763465421433,16.0397270908927,-1.428680700225969,0.688222711102285,16.3979674608394
30-19,-1.428680700225969,0.688222711102285,-7.192763465421433,16.0397270908927,16.3979674608394
20-21,-0.1400687201886661,-0.8795363430090519,0.7373685758962422,-0.2556193705305969,1.0766469231403004
21-20,0.7373685758962422,-0.2556193705305969,-0.1400687201886661,-0.8795363430090519,1.0766469231403004
20-22,-0.1400687201886661,-0.8795363430090519,7.392365265937726,5.890706391293171,10.127869886443248
22-20,7.392365265937726,5.890706391293171,-0.1400687201886661,-0.8795363430090519,10.127869886443248
20-23,-0.1400687201886661,-0.8795363430090519,-1.2538806677490124,0.9274624317585825,2.1226920705886436
23-20,-1.2538806677490124,0.9274624317585825,-0.1400687201886661,-0.8795363430090519,2.1226920705886436
20-24,-0.1400687201886661,-0.8795363430090519,-8.772708714247191,15.468439119445645,18.487259802037716
24-20,-8.772708714247191,15.468439119445645,-0.1400687201886661,-0.8795363430090519,18.487259802037716
20-25,-0.1400687201886661,-0.8795363430090519,4.609100206244899,6.7437122251229304,8.981565800200345
25-20,4.609100206244899,6.7437122251229304,-0.1400687201886661,-0.8795363430090519,8.981565800200345
20-26,-0.1400687201886661,-0.8795363430090519,5.573805862405058,4.2019372647589375,7.646550645359857
26-20,5.573805862405058,4.2019372647589375,-0.1400687201886661,-0.8795363430090519,7.646550645359857
20-27,-0.1400687201886661,-0.8795363430090519,-9.198301144700787,14.162483277174946,17.558870376834697
27-20,-9.198301144700787,14.162483277174946,-0.1400687201886661,-0.8795363430090519,17.558870376834697
20-28,-0.1400687201886661,-0.8795363430090519,-6.5827009535231475,12.876899649957558,15.190360144597879
28-20,-6.5827009535231475,12.876899649957558,-0.1400687201886661,-0.8795363430090519,15.190360144597879
20-29,-0.1400687201886661,-0.8795363430090519,0.9071051958003012,0.0028459158968110196,1.3693690741211741
29-20,0.9071051958003012,0.0028459158968110196,-0.1400687201886661,-0.8795363430090519,1.3693690741211741
20-30,-0.1400687201886661,-0.8795363430090519,-1.428680700225969,0.688222711102285,2.029381503523606
30-20,-1.428680700225969,0.688222711102285,-0.1400687201886661,-0.8795363430090519,2.029381503523606
21-22,0.7373685758962422,-0.2556193705305969,7.392365265937726,5.890706391293171,9.059045276127149
22-21,7.392365265937726,5.890706391293171,0.7373685758962422,-0.2556193705305969,9.059045276127149
21-23,0.7373685758962422,-0.2556193705305969,-1.2538806677490124,0.9274624317585825,2.3161943142201196
23-21,-1.2538806677490124,0.9274624317585825,0.7373685758962422,-0.2556193705305969,2.3161943142201196
21-24,0.7373685758962422,-0.2556193705305969,-8.772708714247191,15.468439119445645,18.376277791236607
24-21,-8.772708714247191,15.468439119445645,0.7373685758962422,-0.2556193705305969,18.376277791236607
21-25,0.7373685758962422,-0.2556193705305969,4.609100206244899,6.7437122251229304,7.998809199084325
25-21,4.609100206244899,6.7437122251229304,0.7373685758962422,-0.2556193705305969,7.998809199084325
21-26,0.7373685758962422,-0.2556193705305969,5.573805862405058,4.2019372647589375,6.577304674648006
26-21,5.573805862405058,4.2019372647589375,0.7373685758962422,-0.2556193705305969,6.577304674648006
21-27,0.7373685758962422,-0.2556193705305969,-9.198301144700787,14.162483277174946,17.50997477886711
27-21,-9.198301144700787,14.162483277174946,0.7373685758962422,-0.2556193705305969,17.50997477886711
21-28,0.7373685758962422,-0.2556193705305969,-6.5827009535231475,12.876899649957558,15.0348419924859
28-21,-6.5827009535231475,12.876899649957558,0.7373685758962422,-0.2556193705305969,15.0348419924859
21-29,0.7373685758962422,-0.2556193705305969,0.9071051958003012,0.0028459158968110196,0.30921646855311097
29-21,0.9071051958003012,0.0028459158968110196,0.7373685758962422,-0.2556193705305969,0.30921646855311097
21-30,0.7373685758962422,-0.2556193705305969,-1.428680700225969,0.688222711102285,2.3627541856169985
30-21,-1.428680700225969,0.688222711102285,0.7373685758962422,-0.2556193705305969,2.3627541856169985
22-23,7.392365265937726,5.890706391293171,-1.2538806677490124,0.9274624317585825,9.969521520496912
23-22,-1.2538806677490124,0.9274624317585825,7.392365265937726,5.890706391293171,9.969521520496912
22-24,7.392365265937726,5.890706391293171,-8.772708714247191,15.468439119445645,18.789427372774682
24-22,-8.772708714247191,15.468439119445645,7.392365265937726,5.890706391293171,18.789427372774682
22-25,7.392365265937726,5.890706391293171,4.609100206244899,6.7437122251229304,2.9110450606362175
25-22,4.609100206244899,6.7437122251229304,7.392365265937726,5.890706391293171,2.9110450606362175
22-26,7.392365265937726,5.890706391293171,5.573805862405058,4.2019372647589375,2.4817533050068237
26-22,5.573805862405058,4.2019372647589375,7.392365265937726,5.890706391293171,2.4817533050068237
22-27,7.392365265937726,5.890706391293171,-9.198301144700787,14.162483277174946,18.538406209782355
27-22,-9.198301144700787,14.162483277174946,7.392365265937726,5.890706391293171,18.538406209782355
22-28,7.392365265937726,5.890706391293171,-6.5827009535231475,12.876899649957558,15.623999874735157
28-22,-6.5827009535231475,12.876899649957558,7.392365265937726,5.890706391293171,15.623999874735157
22-29,7.392365265937726,5.890706391293171,0.9071051958003012,0.0028459158968110196,8.759309285272073
29-22,0.9071051958003012,0.0028459158968110196,7.392365265937726,5.890706391293171,8.759309285272073
22-30,7.392365265937726,5.890706391293171,-1.428680700225969,0.688222711102285,10.240932007382202
30-22,-1.428680700225969,0.688222711102285,7.392365265937726,5.890706391293171,10.240932007382202
23-24,-1.2538806677490124,0.9274624317585825,-8.772708714247191,15.468439119445645,16.369874105339548
24-23,-8.772708714247191,15.468439119445645,-1.2538806677490124,0.9274624317585825,16.369874105339548
23-25,-1.2538806677490124,0.9274624317585825,4.609100206244899,6.7437122251229304,8.25852931142278
25-23,4.609100206244899,6.7437122251229304,-1.2538806677490124,0.9274624317585825,8.25852931142278
23-26,-1.2538806677490124,0.9274624317585825,5.573805862405058,4.2019372647589375,7.572284251532032
26-23,5.573805862405058,4.2019372647589375,-1.2538806677490124,0.9274624317585825,7.572284251532032
23-27,-1.2538806677490124,0.9274624317585825,-9.198301144700787,14.162483277174946,15.436307637942965
27-23,-9.198301144700787,14.162483277174946,-1.2538806677490124,0.9274624317585825,15.436307637942965
23-28,-1.2538806677490124,0.9274624317585825,-6.5827009535231475,12.876899649957558,13.083782918932766
28-23,-6.5827009535231475,12.876899649957558,-1.2538806677490124,0.9274624317585825,13.083782918932766
23-29,-1.2538806677490124,0.9274624317585825,0.9071051958003012,0.0028459158968110196,2.3504841211683036
29-23,0.9071051958003012,0.0028459158968110196,-1.2538806677490124,0.9274624317585825,2.3504841211683036
23-30,-1.2538806677490124,0.9274624317585825,-1.428680700225969,0.688222711102285,0.29629494645310495
30-23,-1.428680700225969,0.688222711102285,-1.2538806677490124,0.9274624317585825,0.29629494645310495
24-25,-8.772708714247191,15.468439119445645,4.609100206244899,6.7437122251229304,15.974782294763198
25-24,4.609100206244899,6.7437122251229304,-8.772708714247191,15.468439119445645,15.974782294763198
24-26,-8.772708714247191,15.468439119445645,5.573805862405058,4.2019372647589375,18.2416157327073
26-24,5.573805862405058,4.2019372647589375,-8.772708714247191,15.468439119445645,18.2416157327073
24-27,-8.772708714247191,15.468439119445645,-9.198301144700787,14.162483277174946,1.3735536315777295
27-24,-9.198301144700787,14.162483277174946,-8.772708714247191,15.468439119445645,1.3735536315777295
24-28,-8.772708714247191,15.468439119445645,-6.5827009535231475,12.876899649957558,3.392964900193654
28-24,-6.5827009535231475,12.876899649957558,-8.772708714247191,15.468439119445645,3.392964900193654
24-29,-8.772708714247191,15.468439119445645,0.9071051958003012,0.0028459158968110196,18.24509168162234
29-24,0.9071051958003012,0.0028459158968110196,-8.772708714247191,15.468439119445645,18.24509168162234
24-30,-8.772708714247191,15.468439119445645,-1.428680700225969,0.688222711102285,16.50422808095522
30-24,-1.428680700225969,0.688222711102285,-8.772708714247191,15.468439119445645,16.50422808095522
25-26,4.609100206244899,6.7437122251229304,5.573805862405058,4.2019372647589375,2.718690300891365
26-25,5.573805862405058,4.2019372647589375,4.609100206244899,6.7437122251229304,2.718690300891365
25-27,4.609100206244899,6.7437122251229304,-9.198301144700787,14.162483277174946,15.67426221513669
27-25,-9.198301144700787,14.162483277174946,4.609100206244899,6.7437122251229304,15.67426221513669
25-28,4.609100206244899,6.7437122251229304,-6.5827009535231475,12.876899649957558,12.762147201311189
28-25,-6.5827009535231475,12.876899649957558,4.609100206244899,6.7437122251229304,12.762147201311189
25-29,4.609100206244899,6.7437122251229304,0.9071051958003012,0.0028459158968110196,7.690516605288391
29-25,0.9071051958003012,0.0028459158968110196,4.609100206244899,6.7437122251229304,7.690516605288391
25-30,4.609100206244899,6.7437122251229304,-1.428680700225969,0.688222711102285,8.55124268916268
30-25,-1.428680700225969,0.688222711102285,4.609100206244899,6.7437122251229304,8.55124268916268
26-27,5.573805862405058,4.2019372647589375,-9.198301144700787,14.162483277174946,17.81649859806472
27-26,-9.198301144700787,14.162483277174946,5.573805862405058,4.2019372647589375,17.81649859806472
26-28,5.573805862405058,4.2019372647589375,-6.5827009535231475,12.876899649957558,14.93437746778619
28-26,-6.5827009535231475,12.876899649957558,5.573805862405058,4.2019372647589375,14.93437746778619
26-29,5.573805862405058,4.2019372647589375,0.9071051958003012,0.0028459158968110196,6.277775343844191
29-26,0.9071051958003012,0.0028459158968110196,5.573805862405058,4.2019372647589375,6.277775343844191
26-30,5.573805862405058,4.2019372647589375,-1.428680700225969,0.688222711102285,7.834603246138674
30-26,-1.428680700225969,0.688222711102285,5.573805862405058,4.2019372647589375,7.834603246138674
27-28,-9.198301144700787,14.162483277174946,-6.5827009535231475,12.876899649957558,2.9144621498070484
28-27,-6.5827009535231475,12.876899649957558,-9.198301144700787,14.162483277174946,2.9144621498070484
27-29,-9.198301144700787,14.162483277174946,0.9071051958003012,0.0028459158968110196,17.395820403463105
29-27,0.9071051958003012,0.0028459158968110196,-9.198301144700787,14.162483277174946,17.395820403463105
27-30,-9.198301144700787,14.162483277174946,-1.428680700225969,0.688222711102285,15.55386446043625
30-27,-1.428680700225969,0.688222711102285,-9.198301144700787,14.162483277174946,15.55386446043625
28-29,-6.5827009535231475,12.876899649957558,0.9071051958003012,0.0028459158968110196,14.894242367503182
29-28,0.9071051958003012,0.0028459158968110196,-6.5827009535231475,12.876899649957558,14.894242367503182
28-30,-6.5827009535231475,12.876899649957558,-1.428680700225969,0.688222711102285,13.233584937241304
30-28,-1.428680700225969,0.688222711102285,-6.5827009535231475,12.876899649957558,13.233584937241304
29-30,0.9071051958003012,0.0028459158968110196,-1.428680700225969,0.688222711102285,2.43426315411489
30-29,-1.428680700225969,0.688222711102285,0.9071051958003012,0.0028459158968110196,2.43426315411489
